{
    "usuarios": [
        {
            "nombre": "",
            "apellido": "",
            "direccion": "",
            "edad": "",
            "sexo": "",
            "carrito": [],
            "favoritos": []
        },
        {
            "nombre": "",
            "apellido": "",
            "direccion": "",
            "edad": "",
            "sexo": "",
            "carrito": [],
            "favoritos": []
        },
        {
            "nombre": "",
            "apellido": "",
            "direccion": "",
            "edad": "",
            "sexo": "",
            "carrito": [],
            "favoritos": []
        }
    ]
}
  